<?xml version="1.0" encoding="UTF-8"?>
<metadata modelVersion="1.1.0">
  <groupId>com.fluidtime</groupId>
  <artifactId>brivel_json</artifactId>
  <version>0.0.4-SNAPSHOT</version>
  <versioning>
    <snapshot>
      <localCopy>true</localCopy>
    </snapshot>
    <lastUpdated>20130403123330</lastUpdated>
    <snapshotVersions>
      <snapshotVersion>
        <extension>jar</extension>
        <value>0.0.4-SNAPSHOT</value>
        <updated>20130403123330</updated>
      </snapshotVersion>
      <snapshotVersion>
        <extension>pom</extension>
        <value>0.0.4-SNAPSHOT</value>
        <updated>20130403123330</updated>
      </snapshotVersion>
    </snapshotVersions>
  </versioning>
</metadata>
