<?xml version="1.0" encoding="UTF-8"?>
<metadata modelVersion="1.1.0">
  <groupId>com.fluidtime</groupId>
  <artifactId>brivel_library</artifactId>
  <version>0.0.115-SNAPSHOT</version>
  <versioning>
    <snapshotVersions>
      <snapshotVersion>
        <extension>jar</extension>
        <value>0.0.115-20130211.220737-1</value>
        <updated>20130211220737</updated>
      </snapshotVersion>
      <snapshotVersion>
        <extension>pom</extension>
        <value>0.0.115-20130211.220737-1</value>
        <updated>20130211220737</updated>
      </snapshotVersion>
    </snapshotVersions>
  </versioning>
</metadata>
